tuition,pcttop25,sf_ratio,fac_comp,accrate,graduat,pct_phd,fulltime,alumni,num_enrl,public/private
,,,,,,,,,,
3400,NA,14.3,42300,0.682,40,53,92.85,NA,984,0
5600,27,32.8,NA,0.928,55,52,70.28,NA,179,1
4440,78,18.9,47700,0.66,51,72,87.81,8,570,0
3000,NA,18.7,NA,0.705,15,48,90.91,NA,1278,0
6300,57,16.7,54600,0.9,69,85,90.46,18,3070,0
2600,6,16.5,NA,1,36,64,47.02,NA,644,0
4104,46,25.3,54800,0.735,50,94,63.21,3,1686,0
11660,88,14,52300,0.73,72,74,86.92,34,287,1
2970,40,19.4,50300,0.646,76,62,78.49,5,625,0
8080,47,11.4,36600,0.855,44,63,81.02,9,127,1
2610,NA,20.1,49300,0.868,33,66,77.77,6,887,0
5780,30,17.9,NA,0.728,43,70,89.18,27,137,1
1740,NA,18.8,36300,0.794,36,58,92.5,4,444,0
9550,24,14.1,34200,0.981,58,64,58.35,18,222,1
4000,NA,16.7,NA,0.622,15,35,85.85,2,242,1
6550,NA,15.1,55400,NA,NA,58,26.92,13,1725,0
6150,54,16.6,36300,0.732,52,59,82.48,4,269,1
4860,47,17.4,50300,0.909,43,103,90,16,243,0
3811,39,14.6,43600,0.94,NA,71,83.43,28,1268,0
5504,75,17.7,46000,0.621,73,71,93.62,37,806,1
7115,53,14.3,56100,0.865,34,91,69.96,NA,1891,0
6639,NA,14.5,36200,0.638,NA,52,90.7,12,385,1
8236,76,14.7,57800,0.83,61,74,88.04,17,691,1
5130,85,23.1,63700,0.727,69,89,91.88,29,6392,0
5700,NA,17.9,37500,0.999,NA,55,92.98,NA,769,1
13600,70,15.6,72500,0.695,66,93,94.46,13,886,1
11478,NA,14.4,44900,0.898,70,80,80.79,23,230,1
4460,NA,14.3,33500,0.976,47,47,97.52,NA,248,1
13400,59,10.9,NA,0.696,71,68,NA,43,67,1
5666,60,15.5,NA,0.34,46,56,88.41,7,335,1
2883,67,23,42600,0.871,48,50,81.44,NA,824,0
6735,59,12.2,38700,0.806,65,70,95.15,7,611,1
5424,57,17.3,58000,0.787,50,80,89.6,29,2682,0
4440,35,6.7,58700,0.701,33,96,59.7,16,938,0
4960,57,12.7,54800,0.695,38,83,44.55,12,445,0
3108,NA,13.3,50400,0.906,43,80,71.86,NA,1047,0
7560,44,11.9,48700,0.756,15,76,22.27,2,55,1
5226,NA,10,67700,0.771,NA,67,46.23,8,928,0
5226,24,9.5,55900,0.801,39,39,21.02,NA,89,0
6870,NA,14.2,36300,0.791,81,56,75.03,NA,169,1
7434,49,18.9,59300,0.805,48,88,74.87,5,3761,0
6746,48,21.7,50700,0.837,41,78,80.75,7,1973,0
7434,57,19.6,64500,0.869,49,91,81.57,NA,4529,0
3552,NA,42.6,42800,0.961,NA,54,92.71,NA,662,0
3216,NA,16.2,41900,0.938,NA,47,74.58,NA,744,0
8644,74,12.6,48800,0.472,54,79,74.44,24,166,1
3460,52,19.6,47100,0.997,48,57,79.32,5,951,0
3720,NA,20,49800,0.98,39,71,80.86,9,1488,0
3274,47,20.5,48200,0.863,36,71,86.87,10,1792,0
4800,55,12.8,39100,0.986,NA,49,90.62,NA,126,1
2880,47,19,47700,1,68,58,74.69,12,771,0
8800,87,13.1,56200,0.876,63,82,99.38,26,274,1
6398,53,13.3,42600,0.669,75,68,90.66,19,284,1
5352,NA,14.7,50400,0.749,19,61,58.64,4,1194,0
6530,73,13.3,43500,0.849,65,63,95.55,10,450,1
2370,23,18.1,NA,1,NA,41,74.57,NA,222,1
3952,34,18,33100,0.955,NA,62,83.99,NA,131,1
2340,45,17,45300,1,33,40,89.2,NA,499,0
5028,65,14.8,55000,0.961,39,73,86.7,10,2133,0
15500,56,12.8,48800,0.878,NA,47,94.34,7,504,1
11388,NA,16.6,46400,0.801,36,67,94.88,15,459,1
6370,44,13,NA,0.851,43,56,83.97,NA,157,1
16695,100,6.5,107500,0.265,83,100,NA,36,210,1
12950,52,12.4,50700,0.439,60,72,76.76,17,247,1
8990,NA,19.9,69000,0.746,56,88,64.52,NA,1470,0
8803,NA,20.5,69900,0.329,47,NA,69.44,NA,1126,0
8233,NA,20.3,68500,0.754,48,80,NA,NA,2576,0
7454,NA,20.4,NA,0.491,49,53,64.18,NA,1268,0
8820,NA,18.1,70500,0.8,24,90,63.34,NA,428,0
7380,73,19.8,72100,0.489,59,72,90.19,13,1650,0
5904,60,18.5,70700,0.654,50,73,73.51,7,1566,0
5904,75,18.9,70700,0.814,63,NA,89.8,5,1278,0
5226,NA,13.7,67000,0.774,NA,48,37.08,6,1162,0
7706,60,21.2,69900,0.726,61,90,91.5,8,1483,0
9979,NA,16.4,68800,0.632,65,80,89.26,4,565,0
9096,NA,19.2,NA,0.696,47,79,62.71,3,1234,0
8384,70,19.5,69300,0.747,41,87,74.72,7,2151,0
5904,33,20.3,NA,0.695,43,NA,67.36,NA,2157,0
8964,NA,17.4,NA,0.657,55,75,68.92,1,1259,0
8820,NA,17.4,66900,0.786,46,72,66.46,6,1420,0
7830,84,16.1,69900,0.36,40,79,77.1,1,557,0
8868,NA,15.3,NA,0.797,NA,89,63.31,9,461,0
11760,NA,15.7,NA,0.522,23,90,77.96,NA,51,1
16624,48,12.8,65600,0.804,47,72,88.83,6,351,1
13592,64,14.2,75400,0.706,84,84,89.08,10,753,1
17000,93,9.6,75100,0.412,87,99,99.89,52,227,1
17230,100,8.2,80500,0.415,100,100,99.24,46,178,1
17688,73,10.4,69500,0.556,73,100,96.15,11,220,1
17720,98,8.9,70800,0.372,91,94,NA,47,390,1
17238,83,8.2,65800,0.739,73,95,98.78,41,139,1
12600,42,10.4,53500,0.767,43,77,60.17,7,97,1
11480,NA,7.8,41300,0.609,44,75,46.27,41,43,1
12790,NA,11.6,NA,0.812,50,56,81.2,29,75,1
12180,NA,12.6,NA,0.804,49,69,79.93,14,325,1
13540,38,14.1,49400,0.607,47,66,48.46,23,226,1
13975,NA,15.4,NA,0.873,NA,46,98.4,5,115,1
14100,66,10.3,61200,0.783,64,NA,94.78,24,132,1
12474,90,11.9,NA,0.817,72,53,69.04,19,113,1
16560,81,10.5,62100,0.568,79,91,97.97,30,370,1
6500,41,10.7,NA,0.85,67,38,71.5,6,89,1
9900,87,10.5,44700,0.792,54,59,91.79,14,146,1
11925,48,12.3,40300,0.711,69,48,90.45,12,385,1
10178,43,16.1,54900,0.849,54,71,89.7,19,428,1
18200,96,11.6,82900,0.533,66,95,79.92,13,680,1
4128,NA,17.3,53700,1,NA,42,69.75,NA,952,0
4104,NA,20.6,46300,1,8,75,41.66,1,1108,0
9520,38,18.6,NA,0.883,43,63,86.06,11,193,1
13332,80,16.1,61800,0.61,78,88,91.34,17,465,1
18669,97,9.7,100000,0.215,96,NA,NA,25,1616,1
11648,100,15.8,79900,0.415,78,93,90.46,10,3215,0
7699,100,14.5,68900,0.697,76,NA,89.1,11,3124,0
12024,100,16.1,70500,0.686,66,96,93.62,11,2478,0
7689,100,11.8,74800,0.471,77,97,94.52,9,3591,0
7699,100,13.4,63200,0.772,62,98,96.31,8,1470,0
7699,100,13.9,73200,0.59,66,100,95.08,6,2481,0
11218,100,18.9,71100,0.849,69,96,95.76,6,3239,0
7699,100,21.3,66000,0.796,59,94,93.49,10,1717,0
16530,63,8.9,61000,0.814,73,81,46.31,25,306,1
13226,48,13.6,68000,0.746,62,86,88.7,8,538,1
13584,73,13.9,72900,0.691,100,88,96.82,19,888,1
17230,71,11.4,82500,0.695,68,90,90.27,10,2477,1
16320,66,11.2,57000,0.812,65,87,89.91,14,582,1
9200,NA,16.8,38800,0.846,51,23,95.71,14,118,1
14320,72,14.9,52600,0.751,87,77,99.3,17,351,0
16249,63,13.6,64200,0.636,52,84,97.63,29,344,1
13020,NA,13.5,47800,0.897,54,28,80.02,2,111,1
1672,44,27.9,44400,0.835,60,63,89.23,NA,569,0
17142,87,11.3,66500,0.492,84,85,99.63,51,490,1
7731,37,21.5,45800,0.725,40,75,84.96,8,1697,0
8412,65,19.2,61700,0.666,59,87,89.53,10,2194,0
6198,35,19.1,46000,0.821,46,89,88.64,6,1123,0
5016,18,28.8,41000,0.919,59,48,79.21,12,891,0
5790,23,21.1,49800,0.847,25,75,53.86,14,1662,0
12700,NA,14.8,52700,0.817,53,90,97.69,15,308,1
7100,34,19.4,46800,0.884,36,63,84.63,0,605,0
12563,65,19.9,64900,0.663,66,90,92.3,NA,3436,0
15192,60,15.9,62000,0.673,67,84,82.8,21,580,1
5918,24,19.4,49000,0.601,52,76,94.07,4,604,0
13290,45,11.5,39300,0.963,63,90,64.4,26,103,1
5962,24,16.7,68000,0.609,49,69,62.23,4,902,0
18740,93,10.7,65400,0.509,91,86,87.54,40,438,1
5962,23,15.5,77800,0.605,NA,69,60.23,NA,528,0
15000,66,15.1,72100,0.699,94,86,74.21,30,781,1
10600,11,15.6,59600,0.855,79,79,42.44,6,336,1
11300,26,12.2,NA,0.861,NA,30,30.93,2,92,1
12030,45,12,70100,0.58,86,63,78.94,33,806,1
11070,51,14.8,55300,0.822,82,71,47.47,16,509,1
5962,14,15.8,67800,0.688,45,62,70.39,8,1044,0
12200,52,11.2,51700,0.825,76,87,43.27,32,96,1
18810,84,10.4,70400,0.588,91,91,87.68,48,478,1
12500,36,7.9,55300,0.737,51,76,62.81,NA,153,1
14220,26,10.7,55800,0.795,66,61,72.7,9,1194,1
19130,86,12.1,76100,0.413,92,90,99.01,39,712,1
5962,50,16.9,71400,0.687,50,71,64.37,14,564,0
19840,99,5.8,86300,0.229,99,96,98.43,49,1317,1
4878,NA,13.7,51500,0.707,26,60,NA,NA,764,0
6120,27,27.6,52800,0.739,36,25,46.08,4,284,1
10220,57,18.3,72100,0.728,75,82,75.76,15,3252,1
9890,25,14.4,45600,0.823,84,52,66.06,15,350,1
15934,77,13.6,67300,0.778,69,NA,83.89,9,1048,1
8400,52,12.1,41600,0.9,52,10,46,24,35,1
13712,49,9.3,57000,0.835,75,90,91.1,18,505,1
4700,NA,6.6,63700,0.782,NA,58,87.46,17,392,1
17450,71,7.6,73300,0.643,72,92,78.82,15,1492,1
18300,93,7.2,78500,0.259,95,91,93.54,27,1390,1
7128,NA,7.5,58700,0.324,46,78,88.47,4,1666,1
13780,35,5.7,41300,0.47,NA,84,59.53,20,61,1
11412,49,8.3,41500,0.765,96,89,32.59,37,100,1
11290,45,12.6,47700,0.792,72,76,36.55,11,279,1
5188,30,13.8,NA,0.699,58,48,96.29,9,542,1
9600,30,23.2,48000,0.752,33,NA,70.01,6,236,1
13900,74,10.6,NA,0.812,57,90,88.88,7,523,1
5200,NA,15.1,NA,0.969,NA,55,90.49,12,101,1
7800,40,16.5,44600,0.82,44,37,84.79,4,958,1
6651,40,11.8,54000,0.594,NA,87,85.39,NA,1463,0
6700,NA,15.6,60100,0.657,48,90,48.48,2,826,0
4160,NA,17.1,NA,0.75,35,38,88.17,3,557,1
15360,65,12.8,56300,0.78,59,82,98.34,26,366,1
8025,44,17.4,46300,0.753,68,65,60.82,10,374,1
6680,90,23.1,61600,0.745,58,80,85.36,15,3023,0
9600,34,12.1,NA,0.75,NA,61,75.06,20,305,1
13900,NA,19,NA,0.74,65,69,86.21,8,315,1
8550,NA,20.4,NA,0.751,23,90,60.81,18,257,1
16425,55,13.3,56400,0.648,90,81,61.32,23,382,1
9150,NA,72.4,NA,0.69,NA,47,47.68,2,201,1
12315,69,12.5,60500,0.788,73,85,96.04,24,489,1
7090,85,13.4,65300,0.71,66,88,88.16,20,3623,0
16500,69,5.9,65900,0.756,59,82,89.86,17,1643,1
6760,63,17,59100,0.616,47,84,57.4,7,1876,0
11690,NA,13.9,49700,0.71,NA,NA,82.89,NA,325,1
5590,27,15.1,NA,0.511,90,53,74.83,4,79,1
12960,89,7.7,52800,0.837,59,92,89.01,37,137,1
4535,22,17,48400,0.751,62,65,86.38,NA,580,0
5604,NA,10.5,43400,0.839,88,45,53.9,NA,1263,0
7908,NA,14.9,NA,0.555,53,63,97,NA,790,1
4266,NA,18.9,48900,0.798,38,65,61.39,10,870,0
8050,68,16.3,50900,0.657,63,80,97.06,17,480,1
9592,41,13.7,NA,0.747,49,71,65.69,12,158,1
4371,26,12.6,NA,0.855,18,62,61.62,10,1202,1
2763,NA,16.5,51500,0.779,32,61,62.33,9,774,0
17600,97,5,75300,0.49,96,97,96.65,28,1236,1
2682,NA,13.9,48700,0.705,39,59,89.6,NA,649,0
6489,99,19.3,71100,0.578,70,92,92.88,33,2276,0
4023,NA,17.3,51100,0.771,36,52,63.47,20,297,0
4571,NA,19.7,45300,0.647,46,60,91.89,15,3034,0
4158,NA,18.1,NA,0.833,26,50,78.26,NA,330,0
6744,24,19,62400,0.617,34,87,46.06,10,1238,0
2844,NA,19.8,50600,0.759,21,62,49.46,10,1161,0
6987,35,12.5,NA,0.733,75,77,62.31,12,177,1
11985,70,9.2,54000,0.73,91,93,70.02,15,564,1
7050,66,17.8,NA,0.453,83,71,94.91,10,722,1
6770,NA,15.7,NA,0.234,21,49,93.34,NA,595,1
4145,45,17.5,NA,0.668,53,60,86.49,NA,775,0
12900,87,13.1,54600,0.819,67,91,67.1,27,186,1
5460,NA,10.9,NA,0.481,27,48,85.86,NA,225,1
5640,40,13.2,NA,0.848,31,89,91.05,17,127,1
3200,39,19,NA,0.851,48,60,85.24,NA,726,0
7210,70,13.2,37900,0.824,58,62,90.95,18,165,1
7000,83,12.5,NA,0.333,65,73,94.85,18,443,1
6072,36,16.8,NA,NA,54,48,90.5,28,182,1
5697,79,14.7,60700,0.702,63,88,87.68,22,3320,0
4617,NA,20,50000,0.884,45,67,80.84,8,1586,0
11500,NA,7.6,NA,0.941,52,68,89.25,20,109,1
4650,NA,19.2,50200,0.71,40,59,79.38,10,1331,0
4457,NA,21.4,47900,0.957,52,70,74.82,7,829,0
10600,NA,14.1,NA,0.879,NA,63,39.9,NA,103,1
1780,42,16.8,NA,0.513,NA,64,98.87,NA,428,1
4460,69,11.8,71900,0.727,54,85,82.06,6,1627,0
2093,NA,17,49800,0.851,25,59,61.19,8,1888,0
13500,62,9.4,42800,0.816,55,67,94.3,11,158,1
4500,40,16.5,47100,0.818,33,67,72.66,7,1137,0
5120,NA,12.1,43600,0.55,44,60,61.07,NA,428,0
9840,52,14.8,44800,0.834,58,59,94.89,20,385,1
5962,49,13.5,55000,0.893,45,82,83.5,18,1337,0
13353,69,12.7,51700,0.882,71,78,98.09,40,497,1
10250,NA,9.1,44700,0.904,56,NA,50.43,19,127,1
9690,36,9.7,47400,0.736,71,57,63,35,111,1
6500,55,14.3,37000,0.672,51,76,93.97,53,156,1
10870,58,14.4,52900,0.906,85,75,87.57,21,1061,1
9810,56,17.5,48900,0.723,80,52,76.49,18,160,1
7310,NA,13.4,44600,0.893,41,18,70.9,NA,1117,1
9216,56,12.1,43500,0.763,75,56,88.96,13,186,1
11214,58,16.1,64800,0.737,63,69,62,25,1227,1
5710,38,16.2,42800,0.76,76,62,91.56,5,1565,0
10955,56,10.6,43800,0.811,53,62,96.8,31,113,1
10310,46,14.3,42200,0.759,60,57,93.57,16,194,1
8050,63,15.6,50200,0.88,52,75,97.01,30,262,1
14550,77,12.3,63600,0.774,56,80,75.33,26,478,1
7799,35,21,54100,0.771,54,77,89.6,16,2408,0
5706,27,15.1,45500,0.722,21,78,54.16,NA,631,0
5544,37,15.6,39900,0.484,18,47,62.77,NA,777,0
14360,86,12.9,57200,0.44,83,77,98.75,34,471,1
9414,30,10.6,43800,0.728,56,34,89.18,30,137,1
6900,15,15.9,37700,1,80,24,91.11,NA,121,1
15747,77,12.7,54400,0.813,79,88,97.58,33,286,1
16880,70,10.7,66200,0.652,77,91,97.98,19,271,1
10560,31,14.3,43700,0.91,61,36,60.64,10,395,1
11500,55,6.2,70100,0.827,65,94,60.55,15,868,1
9620,29,10.8,31800,0.754,59,49,90.88,33,177,1
7680,43,17.7,46700,0.554,52,70,55,21,119,1
11910,62,11.4,47200,0.873,75,60,94.95,25,456,1
13000,57,11.6,46400,0.837,56,91,98.39,43,204,1
9090,48,18.3,40500,0.676,71,62,83.24,2,279,1
11718,64,16.4,49700,0.784,76,73,63.1,33,308,1
12580,39,13.1,43100,0.776,74,76,84.93,24,176,1
7799,37,17.3,51500,0.674,56,73,88.22,11,2397,0
16404,98,6.8,86800,0.423,92,96,99.4,25,1902,1
7700,58,14.6,39500,0.944,54,39,83.69,NA,388,1
12816,45,9.6,49000,0.873,90,NA,96.28,23,129,1
10100,66,16.3,42700,0.69,80,69,93.7,32,297,1
12305,37,12.3,NA,0.854,NA,57,71.36,33,196,1
8580,40,12.2,53100,0.87,77,75,36.94,13,218,1
10950,53,12.9,46800,0.74,81,79,69.88,30,141,1
6953,NA,14.9,50000,NA,44,71,87.16,6,2158,0
5472,40,16.5,53100,0.864,43,76,70.39,8,994,0
10500,47,11.6,51100,0.919,75,81,70.19,29,269,1
10860,65,13.7,53100,0.824,55,87,69.7,15,295,1
9600,82,21.9,37700,0.634,28,54,94.34,NA,317,1
18930,94,5.3,91600,0.472,90,99,98.85,36,922,1
7560,88,17.4,65900,0.78,81,87,96.54,13,5705,0
7230,50,10,59600,0.683,34,82,82.26,6,2710,0
5706,24,17.2,49300,0.774,55,77,86.15,NA,1563,0
11480,84,12.7,57400,0.642,85,81,97.52,40,548,1
10100,40,12.1,43700,0.747,59,48,86.62,14,423,1
7244,50,17.7,50100,0.845,51,69,87.98,25,3849,0
9300,37,14.6,37600,0.838,NA,51,64.58,38,267,1
13130,68,10.9,54400,0.862,83,77,94.63,29,700,1
14300,80,11.1,58700,0.83,82,78,98.22,31,495,1
15036,63,10.6,55100,0.741,78,90,98.75,46,274,1
11800,67,15.8,49600,0.776,77,60,86.24,26,694,1
10390,72,12.5,47700,0.786,60,54,92.51,37,281,1
9420,51,9.9,41800,0.9,72,51,84.57,46,221,1
8958,46,15.3,39500,0.781,64,53,84.54,26,167,1
8200,65,10.6,52400,0.832,64,84,98.56,26,317,1
9950,46,11.8,44400,0.956,47,76,91.9,25,125,1
11120,51,11.1,46900,0.858,69,55,46.26,23,388,1
8120,47,15.4,NA,0.77,NA,40,44.21,15,167,1
4973,25,22,49100,0.897,38,56,59.03,21,1292,0
9766,72,21.3,68500,0.798,68,77,90.11,24,5873,0
6140,24,13.8,44300,1,24,52,42.15,29,616,0
5170,32,16,50300,0.936,41,67,45.71,NA,1714,0
8490,27,10.4,59900,0.789,25,69,45.19,39,2301,0
6140,26,14.7,50400,0.98,23,60,35.49,31,723,0
6140,18,18.2,52200,0.789,33,56,50.83,5,907,0
6594,30,14.4,53700,0.833,33,69,45.25,17,980,0
6140,NA,16.7,54000,0.993,33,76,50.63,22,911,0
10440,63,11.8,42000,0.799,64,63,94.69,20,239,1
9990,42,10.4,41100,0.704,61,38,68.37,NA,238,1
9210,48,39.8,41800,0.576,34,49,77.59,15,366,1
7260,35,11.5,32800,0.939,62,41,78.27,NA,275,1
9556,60,18.2,72200,0.86,67,86,86.57,15,5874,0
5521,NA,NA,53000,NA,NA,NA,47.79,NA,NA,0
13380,93,13.6,71500,0.554,97,91,NA,42,381,1
8670,36,12.5,37300,0.779,48,43,67.5,4,85,1
11200,42,14.8,44300,0.743,67,55,78.59,19,225,1
3960,24,10.6,35300,0.902,NA,37,42.84,NA,176,1
10300,50,10.2,29000,0.867,75,44,30.75,37,88,1
12730,60,9.9,50500,0.827,98,74,98.15,31,393,1
6004,44,4.9,37600,0.638,NA,67,NA,23,36,1
10965,80,14.2,48000,0.617,98,60,95.59,32,437,1
9456,40,12.8,41500,0.873,65,53,90.89,24,276,1
16850,96,13.1,78700,0.481,97,96,99.61,46,1906,1
11800,81,14.2,54800,0.832,95,87,92.66,23,520,1
12925,76,9.9,63700,0.779,72,78,99.38,55,256,1
10260,44,13.1,39800,0.895,58,39,63.18,26,155,1
13306,70,8.8,48600,0.8,78,62,81.35,10,285,1
10938,65,13.5,48300,0.867,67,76,97.13,29,401,1
10740,45,11,40700,0.739,74,67,63.31,27,167,1
13925,60,12.7,57000,0.738,67,73,84.61,32,275,1
15248,68,12.2,57400,0.864,64,71,99.13,31,383,1
9800,50,12.5,47200,0.93,87,61,94.93,17,328,1
13420,65,15,60000,0.919,77,88,82.07,24,839,1
9100,41,23.6,41800,0.746,47,51,30.39,24,242,1
9820,36,12.6,41600,0.955,32,32,74.29,NA,233,1
15688,91,9.5,63800,0.681,83,88,97.8,54,432,1
7550,59,19.2,66600,0.881,65,81,91.59,22,3441,0
9850,44,17.2,NA,0.657,NA,45,56.87,NA,127,1
11200,39,14.2,44500,0.782,70,61,90.73,24,527,1
13240,72,13.8,53100,0.899,77,73,96.39,38,587,1
9980,NA,12.3,NA,0.741,69,44,66.1,10,93,1
10520,36,13,42500,0.91,56,48,80.65,32,239,1
10500,49,11.3,40500,0.861,64,44,59.79,30,159,1
9900,33,13.6,37300,0.874,21,32,80.53,43,95,1
9900,56,14.9,43400,0.943,68,68,95.24,34,366,1
11250,57,15.8,50400,0.858,70,66,64.96,36,300,1
10450,48,14.1,45000,0.8,70,56,77.52,16,276,1
6197,52,16.3,56100,0.815,77,78,87.5,26,1853,0
10430,39,16.5,39600,0.969,45,85,83.48,18,137,1
8149,52,13.1,72300,0.87,62,NA,84.26,37,3262,0
8840,35,17.4,36600,0.682,78,69,56.08,19,192,1
11600,66,12.4,45100,0.872,67,66,92.5,37,345,1
9980,18,12,35900,0.678,51,46,80.71,NA,123,1
10000,33,13.3,36300,0.902,40,35,85.48,NA,140,1
8620,47,11,39700,0.802,65,58,67.28,21,206,1
8740,41,11.6,35000,0.929,48,62,91.93,29,200,1
8540,42,8.8,35800,0.911,56,61,84.17,32,122,1
4869,33,18.1,47400,1,44,65,83.76,NA,806,0
8516,24,25,NA,0.771,49,55,87.29,19,172,1
5424,30,23.2,47700,0.925,58,52,89.96,NA,813,0
5401,79,19.3,47100,1,50,72,87.06,4,853,0
6995,55,18.5,55400,0.693,54,76,86.91,22,2833,0
8400,40,12.4,34000,0.976,68,63,64.75,14,148,1
7950,32,9.8,34200,0.698,48,54,80.77,45,93,1
7250,19,14.5,33800,0.639,46,47,93.73,19,236,1
7200,66,11.8,38000,0.728,52,56,77.42,12,75,1
7800,60,8.2,33500,0.839,53,50,51.41,45,66,1
8280,43,16.1,NA,0.779,36,50,82.59,29,127,1
7850,41,10,32600,0.712,53,55,91.24,15,109,1
6994,50,13.7,60300,0.648,57,88,91.44,17,3681,0
4774,36,13.8,56100,0.98,53,82,53.86,NA,560,0
6994,39,20.4,51400,0.771,32,82,56.31,17,896,0
3800,45,19.4,NA,0.517,31,56,95.85,NA,289,1
8988,56,12.1,NA,0.792,NA,61,96.61,36,280,1
8840,63,13.1,48200,0.876,84,74,66.44,31,308,1
7500,42,10.1,35700,0.847,56,49,64.48,57,99,1
6060,55,17.7,34700,0.692,49,62,83.56,13,298,1
8400,45,10.6,36300,0.71,89,50,69.13,40,97,1
11850,82,11.4,53200,0.877,74,95,99.26,60,288,1
6230,47,13,35500,0.793,63,42,91.46,4,398,1
4700,NA,19.8,55500,0.943,39,82,76.99,NA,2445,0
8100,55,13.3,42000,0.953,55,73,95.68,28,286,1
4120,22,15,47400,0.582,19,60,63.28,NA,424,0
8000,49,11.3,40500,0.851,62,57,84.55,32,175,1
6600,NA,19.3,34900,0.794,NA,32,85.98,NA,382,1
4740,NA,19.9,47200,0.883,52,58,86.62,8,1300,0
4738,55,20.2,50300,0.858,52,72,86.21,27,1190,0
6000,48,13.4,36700,0.99,61,48,88.85,14,169,1
10900,81,12.1,52100,0.96,70,81,94.44,41,244,1
7800,45,14.1,33500,0.793,64,60,89.04,9,177,1
6640,NA,12.2,62800,0.732,52,95,85.19,12,2675,0
6540,33,11.1,58400,0.64,31,84,61.36,24,1823,0
9490,NA,10.5,38200,0.735,66,65,60.1,18,218,1
4961,NA,19.1,52400,0.734,45,66,77.91,10,2082,0
8950,55,11.3,51200,0.877,66,86,94.63,25,210,1
6700,88,14.1,40600,0.689,61,52,97.16,12,651,1
4572,NA,21.8,41200,0.94,36,65,78.62,NA,1092,0
1044,65,24.6,39100,0.726,58,46,96.18,NA,1900,0
5150,61,10.5,44000,0.523,59,64,85.23,11,212,1
3957,45,20,46700,0.894,45,66,78.67,13,1525,0
5925,57,15.9,55900,0.833,37,83,81.24,11,3079,0
4990,NA,18.1,45800,0.956,35,62,62.03,NA,500,0
5154,NA,17.9,48300,0.889,19,75,69.13,11,1501,0
11100,80,11.7,58700,0.898,53,77,78.26,14,719,1
3450,NA,21.1,44600,0.983,34,69,82.05,12,1525,0
3804,41,20.6,41800,0.95,21,57,83.63,17,1840,0
4040,NA,29.5,40300,1,33,67,74.47,11,1330,0
4400,NA,16.1,38500,0.882,73,72,58.81,NA,171,1
3854,NA,24.3,42100,1,29,61,81.6,13,2297,0
3009,30,19.6,38700,1,35,62,72.78,NA,490,0
19040,75,9.1,69900,0.729,74,98,76.31,21,1223,1
4898,NA,22.7,48300,0.989,30,63,78.52,9,2664,0
6900,61,14.4,41300,0.913,49,67,94.39,20,695,1
6600,40,15.2,44000,0.826,35,67,65.94,11,235,0
25180,90,9.8,63500,0.445,93,79,NA,40,577,1
19030,100,11.2,68200,0.304,96,93,99.47,52,418,1
18930,84,10.2,62900,0.463,91,83,98.01,41,456,1
6810,48,15.9,49600,0.665,59,67,84.71,26,438,0
4800,28,15,45600,0.747,38,65,72.85,NA,104,0
7800,30,22,37400,0.902,84,36,57.39,4,361,1
11450,54,11.4,43400,0.62,64,72,83.76,13,265,1
9985,33,27.2,37000,0.819,85,53,24.59,8,217,1
8850,65,21.8,37400,0.876,75,29,48.5,NA,139,1
7975,52,14.5,56600,0.872,56,93,80.41,NA,1741,0
6600,45,15.1,46200,0.837,64,46,66.63,4,172,0
4869,NA,22,51500,0.537,17,57,66.68,5,407,0
2700,61,17.2,NA,0.615,NA,34,94.92,NA,223,1
11180,61,11.5,41900,0.779,75,64,25.17,32,177,1
14710,NA,10.2,NA,0.622,59,69,63.77,9,634,1
9500,34,13.9,32900,0.736,63,47,52.45,NA,101,1
5000,NA,16.3,55400,0.489,NA,69,70.62,NA,381,0
5428,NA,17.8,53000,0.743,54,78,90.23,12,911,0
15588,64,9.2,51800,0.706,77,78,91.4,34,248,1
13960,64,14.4,50200,0.808,72,82,64.02,34,176,1
18800,94,3.3,73400,0.407,90,96,69.44,38,911,1
12990,54,14.7,61700,0.77,80,86,94.24,27,738,1
4136,80,18.2,57100,0.515,29,80,85.84,36,1358,0
12850,36,12.8,44800,0.877,80,77,94.02,36,328,1
5130,52,17.9,51300,0.543,56,73,80.71,18,736,0
16150,51,7.2,57200,0.861,64,63,98.99,26,122,1
17430,45,9.8,58700,0.863,61,73,NA,20,126,1
6800,73,11.6,52600,0.519,63,84,86.29,23,285,0
5166,NA,17.6,57300,0.624,60,76,72.07,24,1215,0
8723,53,18.1,66900,0.722,63,89,82.89,12,3409,0
8594,57,18.4,57700,0.608,55,82,71.42,6,985,0
7014,NA,17.8,48200,0.635,35,56,91.22,NA,508,0
7400,52,10.2,NA,0.422,72,39,56.78,33,237,1
15276,60,11.2,56200,0.779,65,79,94.7,37,214,1
14510,50,12.5,53000,0.817,60,84,91.62,39,278,1
8700,22,14.7,NA,0.77,69,78,78.01,19,220,1
19760,96,8.4,77400,0.231,100,93,99.69,63,418,1
10800,34,11.7,41600,0.809,82,45,47.48,13,82,1
12000,59,13.8,49200,0.796,88,93,71.26,30,491,1
12500,36,16.8,51000,0.778,80,73,64,22,514,1
16600,68,16.8,79000,0.568,94,93,NA,18,407,1
13800,60,17.5,71200,0.672,82,87,66.88,20,640,1
11550,NA,10.2,46600,0.768,38,15,87.97,2,712,1
16640,94,16.6,76100,0.471,90,95,NA,27,2154,1
18420,80,11.9,NA,0.644,72,80,82.79,16,3810,1
14080,36,10.2,43500,0.745,46,57,91.52,21,151,1
19380,77,9.8,68600,0.655,84,90,97.85,24,740,1
9100,41,8.5,NA,0.842,50,48,92.76,26,75,1
17500,61,10.5,65100,0.713,79,94,86.69,35,457,1
11800,46,11.3,41500,0.849,86,71,55.51,21,125,1
18000,95,11.3,64400,0.565,95,92,99.18,55,659,1
13600,25,8.7,NA,0.765,58,39,72.85,17,283,1
8770,40,17.3,NA,0.793,70,58,97.63,17,200,1
15200,51,18,63200,0.664,62,NA,92.3,NA,492,1
11455,29,12.3,NA,0.858,NA,33,69.06,14,319,1
12200,54,14.2,50500,0.838,66,73,96.72,32,282,1
18485,100,9.9,98900,0.156,100,97,95.54,52,1606,1
11475,21,9.1,38700,0.874,NA,32,88.85,23,171,1
11700,33,27.8,NA,0.811,58,71,77.14,18,82,1
9838,29,16.1,71700,0.759,53,81,57.85,NA,1093,0
20100,99,10.1,95100,0.334,94,99,99.38,35,1078,1
5542,21,17.1,61700,0.68,51,73,78.1,NA,1064,0
5542,20,14.7,56000,0.732,57,NA,67.09,26,577,0
5244,28,21.2,NA,0.559,NA,68,62.26,NA,586,0
5542,19,14.2,54600,0.643,57,65,91.03,17,240,0
5542,NA,21,NA,0.797,45,55,62.22,15,1334,0
5542,20,15.7,57800,0.694,65,75,77.46,20,825,0
6797,26,21,59300,0.69,40,60,60.36,14,543,0
19300,79,9,67800,0.73,84,79,97.93,51,526,1
9810,NA,13.5,NA,0.851,77,32,81.8,3,795,1
9744,21,27.7,NA,0.9,NA,83,50.5,NA,218,1
13380,42,12.9,70500,0.714,46,73,52.2,17,2517,1
15190,10,8.9,NA,0.912,67,46,93,26,125,1
12700,38,10.3,51300,0.902,84,81,52.15,37,143,1
16160,53,8.9,59300,0.78,79,74,87.73,33,295,1
18820,88,10.3,74700,0.546,90,85,96.31,44,632,1
6919,37,15,66500,0.776,56,74,74.1,20,1006,0
9438,NA,12.8,46700,0.713,76,55,94.28,NA,519,1
12170,69,13,53900,0.631,97,79,68.59,30,585,1
10584,32,13.3,77700,0.786,60,95,73.06,15,356,1
19701,90,10.3,77700,0.473,92,99,NA,22,1205,1
8566,39,16.7,76200,0.86,68,88,89.35,15,3816,0
8568,29,14.5,68600,0.668,41,86,54.91,10,800,0
18345,96,10.6,77900,0.431,91,94,93.36,51,579,1
8994,21,15.4,68200,0.892,59,74,61.77,15,409,1
18460,55,13.2,60100,0.79,71,92,97.8,41,417,1
13472,25,9.6,50500,0.84,74,74,96.21,40,161,1
19629,96,9,71900,0.297,99,94,98.56,64,526,1
15884,86,15.2,69300,0.836,82,92,97.02,34,682,1
11250,50,12.9,49300,0.768,54,53,91.28,30,336,1
13868,68,13.7,58900,0.906,73,89,98.03,37,489,1
12572,73,15.3,52700,0.852,68,79,97.9,32,385,1
9996,23,11.5,NA,0.623,46,62,82.95,18,322,1
11208,51,12.7,39200,0.834,65,55,61.99,25,219,1
10230,56,14.8,57100,0.848,81,75,96.15,41,913,1
6660,NA,20.4,64800,0.857,70,66,90.46,6,2539,0
10430,39,11.6,36900,0.95,84,55,96.9,6,74,1
5519,NA,12.9,36200,0.75,16,85,43.36,NA,139,1
6360,NA,20.6,60500,0.81,49,74,67.18,9,2242,0
6911,NA,18.2,62800,0.675,57,38,82.55,9,3395,0
6108,60,20.6,60400,0.753,57,64,75.87,9,1561,0
11090,66,12,NA,0.81,79,80,96.43,31,347,1
12275,69,12.5,58500,0.866,72,72,92.33,40,624,1
16179,84,12.4,57100,0.9,74,75,NA,36,338,1
6759,67,15.8,NA,0.802,45,40,51.33,NA,312,1
5040,27,14.7,45900,0.889,57,54,33.93,NA,231,1
8094,75,10.6,42900,NA,23,51,55.23,3,125,1
10658,57,14,73200,0.833,71,93,86.61,9,6180,0
8127,77,17,67100,0.874,65,82,93.03,25,1032,0
6456,28,19.9,55700,0.831,51,47,80.42,NA,522,0
3880,25,22,61900,0.851,51,59,79.3,20,1432,0
9114,56,19.7,71000,0.849,53,88,61.8,13,1173,0
10500,NA,16,39000,0.911,51,53,92.96,NA,296,1
5673,NA,18.2,58000,0.871,40,77,62.63,10,687,0
9240,31,7.2,41800,0.903,47,29,70.5,17,183,1
8600,32,15.4,40000,0.973,49,48,80.96,9,181,1
11130,50,13.5,NA,0.789,51,72,49.22,14,415,1
10116,72,18,58200,0.726,63,80,52.85,9,882,0
9534,55,17.7,55500,0.904,64,70,51.33,2,551,0
7162,44,10.9,66900,0.734,41,85,48.33,NA,1543,0
6940,53,24.7,63300,0.784,55,80,78.63,11,2738,0
11902,30,12.8,45000,0.775,58,65,74.07,31,257,1
4425,36,19.6,53900,0.726,46,57,82.16,16,546,0
19292,93,10.4,65900,0.586,91,81,99.36,60,489,1
12247,62,13.1,46800,0.921,72,70,94.33,26,511,1
12224,51,11.5,42700,0.804,77,63,75.07,32,186,1
11844,60,11.6,43600,0.887,72,54,83.08,33,278,1
11712,53,13.8,50800,0.878,89,80,80.7,13,828,1
10110,61,13.4,49600,0.901,69,NA,97.27,46,829,1
10500,29,12.8,43300,0.947,45,69,85.28,18,139,1
14125,72,12.5,51800,0.81,80,79,97.85,58,634,1
13252,73,13,58300,0.82,65,89,93.03,33,328,1
15909,86,11.9,64500,0.509,77,85,93.85,37,452,1
4300,29,19,58000,0.87,68,57,84.34,11,1547,0
4426,37,18.1,54000,0.886,60,76,84.77,19,1189,0
11328,43,14.5,44100,0.86,NA,45,97.34,16,352,1
4285,33,16.5,60200,0.896,51,58,79.29,31,511,0
4259,34,18.9,57000,0.833,58,70,83.9,10,1921,0
12247,45,12,53200,0.857,70,76,95.92,38,444,1
10800,35,18.8,47300,0.916,78,68,91.46,19,367,1
14350,73,10,54300,0.744,83,82,96.49,31,745,1
8828,45,19,60600,0.746,53,79,82.44,11,1656,0
9843,86,14.6,52200,0.599,51,74,92.3,16,588,0
4200,45,20.2,54700,0.616,58,53,86.93,18,1301,0
6616,NA,14.1,40600,0.633,35,45,90.82,2,481,0
7600,51,15.8,36600,0.794,NA,60,67.96,NA,121,1
3660,NA,11.3,32200,1,66,33,67.44,NA,47,1
4528,48,17.1,41300,0.977,58,49,83.91,16,459,0
4190,NA,15.4,43600,0.683,41,60,87.74,NA,1561,0
11320,61,12.7,47500,0.922,58,82,85.7,38,319,1
5580,57,16.5,NA,0.648,61,77,70.16,18,307,1
4386,46,15.8,40000,0.844,63,49,62.26,8,380,0
9866,57,15.9,54800,0.77,53,77,86.16,20,1609,0
4306,40,18.6,38200,0.389,56,43,91.43,NA,580,0
4000,75,19.6,31800,0.507,49,44,85.25,36,282,1
5010,49,14.5,31800,0.176,53,53,97.14,NA,311,1
4916,47,20.3,53700,0.88,53,81,90.35,14,1669,0
4652,50,18.7,52000,0.717,45,78,86.97,23,1046,0
5115,NA,13.6,NA,0.825,19,36,78.59,12,121,1
8950,43,10.6,37700,0.799,54,57,57.06,20,86,1
7780,32,15.1,37400,0.796,49,50,86.14,NA,210,1
4620,35,19.7,52600,0.876,50,69,83.53,4,1436,0
8294,28,15.3,36400,0.503,37,87,11.43,2,132,1
8000,55,14.1,38800,0.704,51,51,89.86,28,274,1
8730,66,13.2,46000,0.929,67,82,95.69,35,314,1
8390,49,21.5,NA,0.842,62,45,74.43,24,126,1
6572,NA,9.4,45000,0.668,58,NA,94.28,8,182,1
3600,19,14.4,38100,0.997,NA,36,61.07,NA,688,0
9200,33,24.1,39200,0.598,100,65,91.86,9,356,1
9250,51,13.1,44200,0.723,61,52,43.41,13,169,1
3840,50,20.3,47600,0.841,100,52,62.64,9,913,0
8550,35,17.4,35700,0.75,27,35,85.8,16,316,1
3900,30,19,47400,0.991,40,54,71.43,NA,848,0
4856,72,15.7,47300,0.758,76,69,95.5,13,1620,0
3735,29,21.7,46100,0.929,54,62,91.02,23,1257,0
3750,35,18.4,35600,0.833,49,39,45.61,NA,65,1
9490,50,10.7,44800,0.918,79,60,59.91,21,345,1
4680,43,17.1,50800,0.82,45,75,84.02,8,1408,0
7070,32,15.9,NA,1,71,52,64.67,13,642,1
4740,37,19.9,50200,0.859,56,70,79.56,11,3204,0
11690,67,4.6,60000,0.867,67,84,80.06,19,956,1
13900,34,10.9,36400,0.9,59,46,61.28,17,194,1
9057,62,12.7,59200,0.705,58,87,90.33,15,2940,0
9057,77,14.4,68600,0.973,49,88,87.5,23,823,0
9501,64,11.6,57700,0.705,44,98,63.26,8,655,0
7246,54,13.4,57900,0.705,48,71,51.29,15,479,0
18350,93,3.9,73000,0.687,90,91,79.29,31,1254,1
9160,44,20.6,49500,0.695,48,68,52.87,14,226,1
10720,43,12.5,46500,0.835,62,66,94.73,20,184,1
10060,67,11.2,46300,0.825,59,74,94.46,19,315,1
10535,39,12.9,39000,0.928,52,39,87.64,16,227,1
8650,55,14.1,39400,0.93,58,49,77.24,NA,261,1
5100,NA,11.8,36400,1,NA,50,56.59,NA,268,1
5866,23,18.5,43000,0.98,40,70,74.09,NA,596,0
6073,72,16.4,51200,0.951,74,71,77.94,31,320,0
5552,42,17.6,49800,0.81,37,75,89.79,8,1779,0
5879,12,10.6,41100,1,NA,20,74.36,15,611,0
8734,31,11.3,NA,0.7,68,56,86.3,27,270,1
6311,NA,21.7,47400,0.848,30,75,84.82,16,1563,0
5658,NA,16.4,38600,0.681,59,50,43.27,NA,256,0
2670,17,25,47600,1,80,62,78.88,27,547,0
9000,40,8.9,36200,0.754,47,23,38.57,NA,107,1
7896,50,11.1,39300,0.986,80,54,95.26,NA,252,1
10628,60,6.5,52900,0.956,85,85,84.27,32,876,1
9130,36,12.6,36400,0.956,54,46,86.75,25,185,1
9570,47,15.1,43100,0.894,60,67,71.32,42,244,1
9376,52,13,42600,0.867,52,57,96.19,17,262,1
2550,NA,19,50200,0.951,55,59,83.05,NA,1417,0
10300,46,14.5,37100,0.933,56,42,89.28,NA,260,1
4560,NA,19.7,54700,0.938,19,77,53.97,NA,1766,0
9540,64,13.5,48100,0.786,NA,82,84.57,37,382,1
2580,40,20.1,45200,0.715,44,48,67.73,24,458,0
8760,NA,8.5,35400,0.856,48,48,80.11,36,168,1
5595,63,15.1,63500,0.956,53,86,83.84,48,3526,0
2700,21,20.3,48200,1,52,60,85.32,29,724,0
6490,NA,15.4,58900,0.84,54,78,66.81,12,1524,0
6490,50,14.8,53700,NA,37,76,49.88,14,1595,0
14090,NA,12.9,41000,0.853,72,NA,93.92,30,208,1
19545,99,4.7,77400,0.265,98,95,99.19,49,1087,1
13320,14,17.6,51000,0.862,51,50,60.3,16,446,1
13325,15,9.5,42300,0.924,59,42,79.15,25,199,1
10608,17,38.4,59700,0.851,76,34,34.37,NA,292,1
9990,37,12.1,34900,0.855,33,44,61.65,26,107,1
9870,28,12.2,42900,0.798,81,59,33.03,19,141,1
12950,40,14.5,48300,0.741,97,70,95.22,29,514,1
11180,62,17.5,60700,0.784,75,89,88.56,16,2529,0
7870,19,16.1,54200,0.784,61,73,81.77,13,822,0
7870,25,18.8,54800,0.715,NA,82,90.3,22,748,0
8300,NA,14.4,51000,0.831,38,53,65.7,16,268,1
8900,42,13.9,NA,0.597,55,87,44.39,25,213,1
11400,46,9.5,32600,0.846,24,41,42.95,20,90,1
10900,53,11.4,42000,0.809,78,68,33.74,23,122,1
18432,84,10.2,66400,0.734,83,93,93.2,28,321,1
9150,52,12.2,48700,0.807,76,56,58.24,27,127,1
4356,70,22.1,NA,0.375,51,76,57.36,6,695,0
8100,33,11.2,38500,0.667,NA,66,44.1,1,155,1
3946,30,14.9,69200,0.481,26,63,73.25,10,691,0
12480,34,14.2,66900,0.695,54,70,69.09,15,478,1
3648,53,21.5,67200,0.408,58,82,66.8,9,865,0
8832,62,13.5,79900,0.647,72,92,66.79,19,483,0
2875,43,17.2,70000,0.694,40,76,63.37,NA,1105,0
3135,38,23.5,70700,0.485,38,77,72.1,13,1108,0
19900,98,8.4,90100,0.154,99,91,96.88,54,1153,1
13250,31,12.3,67700,0.676,70,84,67.73,23,730,1
7410,62,17.4,87100,0.465,58,90,67.99,16,499,0
12000,36,14.4,67500,0.779,64,81,74.13,15,1000,1
9408,38,12.1,51400,0.88,53,78,62.47,22,530,1
16900,93,19,68500,0.706,79,89,99.14,33,380,1
5391,94,14.4,69000,0.459,81,81,85.14,6,944,0
12500,NA,14,NA,0.885,43,72,81.62,NA,446,1
11138,42,14,NA,0.819,80,40,56.11,7,189,1
3120,38,14.3,NA,0.792,20,24,70.54,NA,27,1
5586,NA,19.6,44600,0.971,34,73,82.47,2,590,0
5148,20,17.4,43900,0.835,28,72,80.93,NA,406,0
5376,73,13.7,54400,0.764,34,99,71.22,11,233,0
6432,NA,19.6,53300,0.777,40,76,73.54,NA,1663,0
4652,25,15.5,NA,1,47,55,74.16,8,470,0
12280,29,12.2,NA,0.88,56,29,68.62,16,512,1
9000,33,12.4,77600,0.82,42,77,30.11,7,410,1
16548,75,11.3,54800,0.823,73,82,94.33,31,472,1
19264,85,10.4,68300,0.439,79,98,98.53,30,285,1
10750,34,14.6,58200,0.769,64,90,87.28,26,753,1
9384,35,14.3,42300,0.892,118,22,98.83,20,527,1
5050,40,15.6,NA,0.834,43,83,66.99,NA,1367,0
5050,45,12.8,NA,0.725,34,78,68.98,10,1269,0
5050,43,14.1,NA,0.519,39,62,57.78,28,1418,0
5250,37,12.5,NA,0.775,46,100,61.11,11,1749,0
15960,68,15.8,70700,0.898,77,95,97.78,32,557,1
19510,75,10.5,67700,0.513,93,95,99.07,45,727,1
11790,46,11.9,45000,0.685,83,75,62.07,35,177,1
10200,NA,37.5,57400,0.793,NA,87,79.74,NA,143,1
9990,57,14.3,45500,0.675,64,66,65.51,28,249,1
18624,96,5.9,91500,0.286,99,97,98.4,21,871,1
17926,95,10.3,65400,0.562,91,83,96.85,33,531,1
9370,40,9.5,38700,0.653,53,50,74.33,NA,101,1
19000,95,6.9,83400,0.373,93,91,NA,22,3286,1
19000,95,6.9,73200,0.373,93,91,NA,22,3286,1
8920,47,14.6,42700,0.715,46,68,76.17,42,157,1
8310,19,12.7,45400,0.914,54,43,46.7,5,108,1
14990,50,21.5,47200,0.717,64,77,68.84,21,345,1
14235,55,14.4,74800,0.684,80,86,74.22,14,942,1
19700,82,9.6,60400,0.568,91,91,98.56,60,454,1
17480,49,12.3,51300,0.828,73,75,95.62,32,430,1
19029,53,12.1,61400,0.774,79,99,99.72,37,500,1
11600,63,13.9,73100,0.789,60,81,82.88,10,1349,1
9990,70,15,42800,0.828,67,85,97.9,24,302,1
7500,13,14.3,33600,0.987,NA,31,69.48,NA,108,1
10690,33,16,58700,0.722,66,66,72.98,14,913,1
14424,52,11.5,55700,0.761,75,58,97.13,25,1368,1
10560,NA,7.2,NA,0.692,55,100,88,NA,18,1
9600,43,13.3,39900,0.826,51,55,93.06,43,174,1
8190,24,7,NA,0.654,NA,100,93.18,NA,53,1
11040,76,13.3,56400,0.816,94,89,76.53,28,425,1
12370,63,13.6,62100,0.711,79,92,91.03,25,563,1
14700,54,11.3,NA,0.78,70,97,84.69,24,212,1
10700,31,17.6,54200,0.67,69,74,84.39,34,830,1
11510,34,10.3,45500,0.684,77,71,66.39,30,117,1
10200,30,11.7,46400,0.77,68,63,55.72,20,239,1
7200,24,13.8,51100,0.908,NA,67,70.2,NA,788,1
8800,40,9.7,49400,0.834,80,38,70.77,13,185,1
8920,41,16.2,41800,0.581,NA,65,82.92,16,143,1
7470,48,15.3,48200,0.594,88,74,73.17,23,238,1
10850,68,13.6,53200,0.843,61,77,73.01,24,266,1
17748,86,7.8,90500,0.533,71,87,81.51,16,2505,1
10320,99,14.2,53700,0.809,65,68,85.18,20,467,1
7950,34,11.6,NA,0.615,55,35,93.73,NA,160,1
11000,70,13.8,72000,0.454,62,90,57.02,10,1522,1
16200,89,10.4,NA,0.748,62,90,86.57,14,302,1
13975,NA,10.8,NA,0.765,58,NA,90.72,10,292,1
17475,82,15.4,79900,0.834,70,94,99.63,21,936,1
10220,NA,13.4,NA,0.919,46,45,89.7,21,212,1
13968,59,10.8,58700,0.807,68,NA,73.57,7,1381,1
7950,NA,23.8,NA,0.952,NA,NA,72.53,NA,269,1
19300,82,6.1,67700,0.557,83,89,90.5,18,263,1
18710,62,12.7,64600,0.635,81,87,89.83,29,591,1
10800,68,14.1,57000,0.652,100,71,81.25,42,628,1
10456,45,17.7,56200,0.882,78,91,92.8,32,375,1
6550,NA,19.3,57300,0.904,45,63,69.21,18,401,1
10570,51,14.5,52400,0.778,66,86,71.36,29,354,1
9400,NA,29.3,NA,0.365,65,72,87.06,NA,2412,1
7350,44,13.6,44600,0.724,74,52,52.5,21,222,1
18720,56,11.5,62700,0.661,85,90,97.56,38,505,1
8650,27,16.1,51500,0.707,67,69,57.82,13,215,1
6550,61,17.4,73900,0.68,74,93,89.2,16,1843,0
6550,94,18,71600,0.426,80,83,92.72,15,1757,0
6550,66,10.5,75100,0.557,57,91,87.82,7,1724,0
6550,34,19,63600,0.489,49,79,80.86,14,904,0
6550,29,18.7,57300,0.661,42,71,78.48,12,1025,0
6550,40,17.8,56300,0.446,53,82,93.54,17,1036,0
6550,48,16.3,58500,0.574,66,82,93.26,10,814,0
6550,93,19.1,52500,0.531,76,79,97.2,25,1143,0
6550,53,15.3,59800,0.43,53,85,75.91,8,656,0
6550,NA,17.1,57100,0.58,60,70,90.55,13,872,0
6550,70,22,57400,0.57,63,69,88.88,21,1464,0
6550,40,17.9,57800,0.646,65,80,91.33,16,853,0
6840,51,15.1,55200,0.727,59,71,93.89,17,650,0
15150,67,11.3,70100,0.693,67,73,98.86,13,2442,1
12680,NA,12.3,52700,0.765,65,64,65.65,7,256,1
18732,84,11.5,66700,0.49,88,94,93.96,49,528,1
17840,75,5.9,73300,0.627,80,93,92.05,23,1243,1
18920,87,9.7,67400,0.529,90,90,96.56,39,653,1
13500,44,13.2,48300,0.717,75,67,91.88,23,417,1
14900,85,8.3,48400,0.755,69,93,95.63,42,130,1
11656,63,16,NA,0.738,71,89,88.26,16,2064,0
2920,54,15.8,59800,0.52,31,72,70.5,NA,500,0
9800,NA,2.3,NA,0.707,NA,55,94.54,NA,129,1
12584,NA,5.2,NA,0.855,63,86,97.89,38,606,1
5050,40,17.6,NA,1,48,71,54.9,1,1433,0
6806,33,16.7,52600,0.642,44,72,87.62,9,1429,0
10800,75,13.1,NA,0.722,55,55,86.39,13,144,1
6806,63,18.3,51800,0.638,70,83,90.57,14,1910,0
5972,74,13,51000,0.557,37,77,65.35,11,394,0
7420,37,13.7,36500,0.834,67,55,69.21,7,229,1
4045,16,13.5,34700,1,34,50,NA,8,480,1
9850,25,15.4,NA,0.849,64,10,83.81,8,452,1
9000,36,13.2,38400,0.782,52,78,84.4,10,129,1
3566,NA,11.7,60400,0.993,NA,51,36.63,5,1717,0
5600,38,12.1,37500,0.7,44,63,97.89,19,193,1
7550,54,21.8,NA,0.642,63,77,72.61,34,657,1
9270,34,13.5,41800,0.813,55,75,91.96,27,291,1
17295,96,12,64400,0.403,94,95,99.63,46,452,1
18590,98,5,86200,0.282,97,95,99.15,44,1583,1
7248,44,13.2,50700,0.686,58,74,88.65,18,2435,0
8325,65,16.1,NA,0.62,55,14,90.12,26,386,1
5030,46,14.1,48900,0.54,51,68,91.93,NA,405,0
8730,71,9.3,39600,0.889,58,92,97.89,17,51,1
9100,39,18.9,45600,0.769,63,70,89.78,34,858,1
6806,16,15.1,49900,0.731,24,75,81.01,10,452,0
8180,36,15.2,37100,0.838,29,65,81.08,12,332,1
8330,31,13,40400,0.813,39,64,67.39,31,176,1
13404,44,15.6,50300,0.877,65,78,82.5,30,326,1
7550,25,17.8,43500,0.814,62,55,85.07,13,347,1
5453,14,14.2,39400,0.691,37,61,96.34,NA,407,1
10100,46,12,42600,0.759,66,88,87.74,20,259,1
4400,47,10.4,29400,0.526,92,53,98.26,16,217,1
6950,38,11.9,37200,0.827,69,60,81.99,17,385,1
6720,58,13.9,43100,0.901,82,77,78.55,33,376,1
8850,51,11.4,37900,0.844,56,73,71.62,NA,296,1
8438,24,11.1,39300,0.848,15,42,94.05,4,103,1
5730,26,15.4,51800,0.745,40,66,81.38,NA,559,0
8242,24,12.7,38900,0.849,52,77,88.49,11,195,1
6360,34,15,50500,0.82,48,77,80.43,5,440,0
8640,25,12.2,40100,0.777,48,62,80.15,13,159,1
11020,62,14,42200,0.76,58,73,53.44,36,154,1
10475,69,11.2,40700,0.848,60,68,71.2,46,132,1
9192,NA,14.4,34500,0.37,69,71,94.25,6,620,1
10375,NA,13.8,NA,0.96,56,79,80.31,NA,170,1
3850,49,14,NA,0.574,56,43,92.49,NA,457,1
8400,78,17.5,61000,0.664,62,92,75.07,21,3176,0
8400,92,8.9,67800,0.41,83,88,93,23,3331,0
7248,62,16.8,53600,0.765,62,79,75.63,7,1730,0
8677,44,15.5,52900,0.796,53,75,80.31,17,1500,0
13850,88,4.3,67400,0.423,89,95,95.31,37,903,1
10000,49,11.4,35200,0.707,63,65,98.52,20,112,1
6390,31,14.6,50600,0.781,55,67,87.63,9,1057,0
7558,67,19.1,51400,0.635,55,82,85.28,15,1449,0
7820,34,13.9,39400,0.821,91,69,88.49,8,383,1
6272,NA,13.5,50000,0.752,46,67,73.45,4,385,1
4486,30,16.5,39700,0.949,46,50,85.31,28,319,0
7620,41,17,NA,0.869,54,51,99.29,21,262,1
6490,34,18,NA,0.912,48,26,83.96,NA,342,1
4486,12,15.7,42900,1,51,68,91.9,11,153,0
4260,NA,20.1,43600,1,NA,44,84.57,NA,681,0
5634,54,15.9,47300,0.81,49,97,85.31,16,1652,0
4286,27,14.9,42500,0.935,40,39,82.03,25,212,0
8450,NA,7.5,37100,0.631,NA,11,86.52,NA,33,1
11431,41,17.4,51500,0.871,66,43,71.23,NA,424,1
10995,61,17.6,58700,0.808,85,68,65.06,20,662,1
9900,50,13.3,39900,0.743,58,76,90.37,19,209,1
7452,45,21.1,64300,0.793,67,81,91.87,14,3076,0
13050,66,12.1,54300,0.791,83,64,63.39,27,449,1
15700,93,2.9,74400,0.814,67,95,85.61,29,713,1
7344,55,15.3,43600,0.834,64,50,96.4,34,616,1
4731,NA,21.1,NA,0.795,NA,49,80.83,36,729,0
6462,19,18.5,60600,0.954,35,91,66.17,6,1304,0
9800,41,11.1,42300,0.777,100,46,48.6,35,238,1
9650,49,14.9,44900,0.817,83,57,84.32,8,228,1
16240,65,11.1,57500,0.897,69,84,99.94,43,553,1
10850,26,12.8,38200,0.807,56,58,69.5,19,174,1
16900,60,11.6,58400,0.825,81,88,99.24,45,533,1
7200,NA,11.8,NA,1,60,80,NA,81,22,1
11800,43,12.4,41300,0.824,NA,51,79.6,22,412,1
3096,15,19.6,43800,0.997,33,53,31.76,NA,871,1
13780,44,12.5,39700,0.931,65,68,79.93,NA,241,1
14067,66,10.6,47400,0.791,79,75,78.43,34,244,1
11700,57,14.5,57600,0.871,89,89,88.99,28,820,1
7854,30,20.8,63600,0.33,46,81,82.86,NA,7425,0
19240,75,11.1,60800,0.695,88,95,99.93,46,408,1
6992,48,9.6,36100,0.965,46,17,27.04,8,32,1
9858,46,17.6,43200,0.867,55,42,86.71,16,428,1
13850,60,13.2,47000,0.596,96,80,83.83,30,342,1
12250,61,16.7,NA,0.829,81,85,90.46,35,458,1
13240,46,13.4,45300,0.831,73,73,94.09,27,375,1
8064,36,8.7,34000,0.787,NA,61,50.27,38,42,1
19670,89,10.1,67300,0.579,83,77,95.57,47,678,1
15990,62,14.5,55000,0.798,83,73,97.43,31,669,1
7629,54,20.4,64800,0.753,64,79,91.9,13,3183,0
16732,65,12.1,62600,0.776,75,93,97.37,32,458,1
12888,57,13.9,45700,0.805,87,62,63.78,30,428,1
7600,21,19,46600,0.869,39,59,65.35,40,254,1
7650,NA,16.7,60300,0.823,43,71,57.33,18,3211,0
8907,57,10.8,68800,0.81,54,89,84.59,6,2408,0
11380,51,14.8,61800,0.832,93,81,89.85,25,1507,1
7441,NA,20.4,60700,0.969,48,81,74.18,5,1527,0
8468,45,15,33300,0.833,NA,68,78.59,10,132,1
9600,47,10.5,36300,0.8,68,39,49.36,15,86,1
8670,92,11.3,43200,0.815,68,42,63.02,33,477,1
6346,54,13.4,NA,0.549,NA,26,NA,NA,227,1
10230,37,13.3,40100,0.849,67,59,69.19,16,225,1
15948,68,12.8,56700,0.879,78,82,93.22,29,575,1
11520,47,13.3,55700,0.921,83,73,72.02,31,695,1
4536,32,18,59700,0.88,50,71,72.46,1,1907,0
6293,NA,20.8,NA,1,44,65,86.76,NA,319,1
4017,39,19.9,43400,0.951,36,55,55.14,NA,1238,1
5950,41,8.4,35800,0.765,NA,38,69.64,NA,81,1
1928,38,22.8,50500,0.939,31,65,62.42,NA,1326,0
3590,39,18.5,45600,0.917,NA,64,85.37,3,520,0
2064,NA,41.7,41500,0.606,NA,69,88.17,NA,400,1
2280,NA,20.2,46400,0.858,25,62,69.99,NA,NA,0
5390,59,15.1,39900,0.898,50,63,70.77,18,484,1
6400,44,16.2,46600,0.986,45,58,86.16,8,351,1
3687,43,23.6,45400,0.982,43,67,70.68,3,208,0
5336,57,15.3,55500,0.865,48,84,88.56,14,2181,0
3274,27,18.1,42500,0.98,29,58,90.52,NA,251,0
10500,50,11.6,38100,0.832,39,58,87.79,19,174,1
3738,50,19.6,44000,0.856,53,55,81.98,9,447,0
3225,NA,NA,48500,NA,NA,NA,86.03,NA,920,0
5173,63,11.5,59300,0.837,44,86,83.88,11,2233,0
11750,68,11.5,62500,0.909,47,94,87.15,10,696,1
9600,40,14.3,43600,0.689,41,56,79.74,NA,81,1
2600,NA,11.9,49200,0.843,NA,60,75.86,NA,356,0
12500,52,13.5,44400,0.897,52,53,96.73,22,294,1
15800,64,12.3,59800,0.754,69,97,96.76,21,482,1
13380,72,17.8,54600,0.761,81,89,64.82,34,458,1
7770,NA,20,47200,0.889,NA,77,95.91,7,695,0
7890,NA,13.9,61500,0.844,45,88,91.75,NA,1637,0
8676,NA,14.7,57200,0.91,41,20,68.68,NA,271,0
14210,71,10.9,46100,0.9,42,76,96.75,22,288,1
19960,80,11.8,60700,0.73,68,90,95.16,37,327,1
7000,NA,17.6,51700,0.838,NA,89,77.25,11,768,0
10602,61,19.7,59400,0.78,54,79,87.91,13,2546,0
12040,58,13.2,53600,0.845,72,92,92.14,17,419,1
7940,NA,12.9,32800,0.777,29,39,84.68,NA,53,1
14800,80,13.3,62100,0.8,68,91,90.94,37,395,1
15595,63,11.3,56200,0.808,80,79,76.08,23,227,1
17080,77,9.9,53200,0.716,76,73,97.49,41,484,1
8374,30,10.8,36100,0.868,72,42,63.32,12,168,1
12850,56,12.2,50000,0.731,73,78,62.85,30,348,1
18165,95,12.3,63900,0.553,89,100,98.55,49,313,1
18550,85,14.2,67800,0.582,93,95,99.07,36,862,1
10518,28,16.5,50300,0.825,71,59,69.89,36,224,1
17900,89,9.2,82000,0.596,74,86,93.61,31,1191,1
14340,58,11.7,46800,0.782,74,58,50.87,39,198,1
13500,56,9.3,50000,0.929,52,95,76.09,37,91,1
10335,64,8.3,39100,0.743,73,71,69.07,29,126,1
10860,58,12.9,45500,0.62,96,56,69.45,23,317,1
11645,39,19.3,47300,0.867,65,NA,61.99,26,435,1
18700,68,11.2,59300,0.842,87,87,96.82,39,487,1
12348,50,13.1,70900,0.85,61,NA,72.99,18,1118,1
10578,64,13.8,60100,0.839,75,84,81.87,19,1003,1
11190,42,13.6,47300,0.806,54,60,74.86,22,165,1
14190,70,12.8,57100,0.763,81,65,83.15,25,426,1
24940,80,10.9,69400,0.648,86,93,97.76,34,508,1
10970,57,13.3,46900,0.774,65,47,79.58,18,678,1
9476,39,20.1,46900,0.799,74,67,83.5,26,237,1
19964,78,12.1,63700,0.686,83,94,97.69,32,575,1
5224,88,18.4,NA,0.446,100,65,98.44,18,573,1
11000,56,7.8,34100,0.624,96,36,39.25,22,104,1
18833,97,10.6,71600,0.436,95,94,NA,51,292,1
8800,41,11.2,46500,0.569,74,44,49.93,15,169,1
10000,44,11.2,49200,0.944,69,56,27.46,33,103,1
7352,58,20.6,71100,0.512,63,77,90.95,20,1625,0
14850,55,12.7,54500,0.855,80,97,96.15,37,298,1
10910,45,15.6,52000,0.723,87,66,48.03,37,381,1
18730,59,10.5,64700,0.599,92,93,89.93,38,572,1
12600,56,15.1,59700,0.626,84,90,62.23,9,622,1
13850,56,12.3,53100,0.765,85,84,65.78,30,320,1
18700,84,12.5,80500,0.673,91,96,97.02,43,1092,1
4818,41,12.6,48600,0.657,45,71,97.31,8,326,0
13900,37,14,50700,0.781,72,75,94.85,32,363,1
11040,51,11.8,50800,0.776,66,65,78.32,30,323,1
9813,40,16.7,42900,0.69,78,45,80.65,29,397,1
10300,64,14.1,50500,0.793,89,68,97.71,30,607,1
14990,58,15.2,53700,0.775,74,86,71.9,28,303,1
9358,NA,10.9,45400,0.805,68,58,44.39,29,166,1
16975,61,12.8,60000,0.729,83,76,82.47,39,462,1
12350,64,12.6,68300,0.698,63,88,50.17,19,502,1
7844,55,18,69600,0.447,75,66,86.07,19,1025,0
6312,24,16.3,70800,0.548,58,53,85.85,NA,1028,0
6122,NA,13,72500,0.695,NA,52,94.56,NA,287,0
7844,20,19,67900,0.696,54,54,88.55,13,1349,0
8285,33,19.4,68500,0.483,57,58,86.47,NA,1136,0
7352,41,16.1,63100,0.62,63,47,91.25,14,651,0
7452,NA,15.9,67000,0.64,55,48,89.7,NA,606,0
7844,60,16.8,71600,0.512,71,72,77.06,20,960,0
7844,53,18.8,73500,0.564,72,80,94.61,13,1116,0
7352,67,16.9,67600,0.669,56,72,86.21,20,1241,0
7844,51,15.3,67100,0.544,52,76,79.72,16,1372,0
12520,22,7.5,NA,0.723,57,16,96.71,9,290,1
11690,42,12.9,53800,0.819,68,48,61.49,15,468,1
9700,38,14.5,45200,0.85,66,45,45.55,10,207,1
6540,NA,18.5,55400,0.85,58,58,59.18,7,387,1
11240,56,11.2,45300,0.848,71,71,78.17,37,197,1
10880,45,19.3,46300,0.788,69,64,73.06,24,284,1
12750,71,17.4,62300,0.795,83,84,65.3,13,776,1
10850,35,12.3,48100,0.85,88,62,85.05,31,278,1
16130,59,13.9,52100,0.721,90,83,89.68,37,465,1
19124,97,8.8,69900,0.392,95,93,NA,58,413,1
10096,37,11.2,75500,0.644,45,87,75.94,NA,2399,0
11172,31,11.6,48100,0.824,60,68,84.96,16,253,1
17020,100,6.3,94500,0.422,93,95,94.55,38,2464,1
10786,59,7.8,68800,0.743,66,93,75.39,10,2503,0
11584,60,14.1,62100,0.658,92,83,88.17,41,910,1
14900,77,11.6,56300,0.733,79,82,98.52,40,308,1
15925,68,13.4,69800,0.72,96,89,83.12,24,1477,1
16260,64,12.1,60200,0.843,86,91,87.91,40,334,1
8840,30,16.2,45100,0.822,63,57,95.45,26,324,1
12065,58,12.5,50800,0.869,80,62,95.14,41,377,1
11150,36,13.3,50200,0.877,67,78,74.94,24,434,1
11428,50,8.3,35000,0.778,67,67,22.74,43,46,1
4990,63,18.1,60300,0.621,99,75,63.39,28,691,1
19528,95,7.6,79700,0.257,97,99,94.18,39,1462,1
12600,43,19,70900,0.813,82,84,71.8,NA,632,1
14400,55,18.4,64600,0.651,96,66,73.24,35,973,1
6694,50,15.7,59400,0.765,47,74,64.34,12,1030,0
16684,45,10,59800,0.46,96,27,NA,22,379,1
14200,20,9.6,48100,0.852,71,64,83.36,21,362,1
10330,40,16.6,70300,0.804,63,84,78.36,7,1968,0
7730,NA,19.2,39500,0.754,39,60,67.62,NA,397,1
5210,NA,14.6,30800,0.908,48,44,95.02,11,341,1
8300,29,15.2,32900,0.839,58,62,96.94,18,88,1
7070,36,17.1,52000,0.828,84,95,87.39,17,611,0
4412,47,16.9,NA,0.583,21,69,98.66,31,499,1
8116,65,18,57100,0.652,73,82,93.85,17,2301,0
9888,47,12.1,43000,0.748,75,64,75.66,39,295,1
6120,55,17.2,46200,0.658,51,73,85.1,18,1265,0
10425,67,14.7,44200,0.833,76,61,80.33,34,242,1
12050,70,10.2,47300,0.925,75,63,88.93,31,149,1
10485,74,13.5,44400,0.845,67,76,93.83,47,167,1
13440,82,13.5,58300,0.903,82,92,93.13,28,685,1
4938,33,17,47000,0.865,51,67,85.88,11,510,0
7100,40,11.2,30300,0.764,NA,39,53.54,8,369,1
4515,13,18.6,30300,0.828,60,53,98.72,34,330,1
10194,36,11.4,33900,0.828,83,57,94.35,32,154,1
11859,63,13.4,50100,0.769,85,80,97.42,42,302,1
4380,16,18.3,43200,0.685,NA,60,89.51,NA,946,0
8074,66,16.9,57700,0.756,63,84,77.48,18,2328,0
5800,24,14.8,45700,0.66,48,62,56.78,3,377,0
7000,28,17,41900,0.75,51,74,72.01,7,732,0
4450,30,22.9,26500,0.687,58,43,97.23,3,188,1
6400,61,12.8,47400,0.778,59,71,83.52,26,769,0
12680,83,15.3,56000,0.623,75,91,96.89,42,273,1
10990,58,10.4,48700,0.953,69,66,81.67,30,306,1
3222,23,29.2,39600,1,51,63,67.2,9,588,0
7540,32,11.4,31700,0.532,75,38,70.23,NA,135,1
3222,21,19.4,42000,0.93,35,47,62.33,NA,229,0
7260,9,12.9,NA,0.328,21,31,85.03,4,124,1
6844,37,11.7,NA,0.989,44,45,57.97,38,126,1
3437,40,20.2,40700,0.999,54,68,76.55,NA,2054,0
8990,35,14.8,39100,0.915,48,73,69.38,7,211,1
3573,55,15.5,50000,0.901,NA,80,75.22,9,866,0
3811,37,15,44000,0.922,67,62,86.39,29,1701,0
5550,NA,18.2,45800,0.752,36,66,63.33,8,1179,0
7800,67,11.1,45500,0.798,49,61,75.92,19,481,1
6200,28,11.7,32300,0.765,35,63,82.42,13,104,1
8150,62,13.6,39000,0.868,67,61,88.14,16,464,1
9300,42,11.1,43200,0.591,63,81,74.58,24,224,1
9700,48,19,48400,0.779,56,73,93.79,NA,181,1
5500,32,11.3,NA,0.912,37,55,66.17,NA,199,1
5775,NA,16.2,45100,0.915,73,97,85.09,12,611,1
5800,36,14,50400,0.82,42,73,71.75,9,1303,0
6240,36,12.5,37500,0.668,43,74,NA,22,226,1
5500,54,16.1,37400,0.612,62,68,95.92,13,314,1
8664,65,10.7,NA,0.845,65,65,92.04,25,142,1
5400,46,11.1,NA,0.811,NA,30,91.94,4,293,1
5170,35,16.1,37900,0.647,60,61,72.1,10,224,1
4788,23,18.5,36000,0.765,52,42,91.05,5,453,1
4200,59,16.2,NA,0.638,NA,59,86.84,NA,177,1
5950,55,14.6,NA,0.714,53,67,60.46,35,363,1
11200,52,11.1,40600,0.607,51,80,82.98,43,176,1
5908,NA,16.9,54200,0.652,33,77,68.59,11,1691,0
5550,NA,19.2,50100,0.746,39,69,81.3,10,2132,0
8200,52,12,41000,0.756,64,63,93.32,16,189,1
8414,NA,14.1,33400,0.944,59,49,80.19,19,349,1
15200,82,10.8,53800,0.795,77,90,95.8,47,391,1
4836,31,18.6,51200,0.622,41,72,70.47,NA,721,0
4025,29,16.9,54000,0.98,54,76,87.65,NA,1580,0
7070,29,8.9,NA,0.784,36,59,62.91,16,99,1
4750,50,14,NA,1,49,57,78.33,NA,145,1
7700,34,21.9,37300,0.594,52,70,96.09,28,145,1
5780,84,13.5,41400,0.889,NA,44,77.08,13,406,1
5800,NA,16.8,53800,0.64,39,76,75.3,NA,991,0
5764,53,16.5,63000,0.719,53,86,82.95,22,3013,0
5832,NA,19.6,52700,0.776,48,68,87.37,10,1123,0
15350,83,10.3,63600,0.669,82,89,97.92,52,326,1
17865,92,5.8,75600,0.602,83,93,98.39,26,1499,1
7300,NA,12.6,NA,0.768,62,70,96.47,NA,108,1
7440,52,18.1,49400,0.742,60,70,84.31,12,721,1
5130,54,23.1,51700,0.565,34,60,73.48,5,1016,0
11280,74,13,51800,0.842,71,81,98.68,33,295,1
6900,34,12.1,NA,0.931,42,67,75.64,9,106,1
5400,64,14.4,NA,0.872,87,48,35.48,1,155,1
4950,36,15.7,40900,0.9,38,62,87.43,7,265,1
5390,NA,21.8,53600,0.649,35,87,75.46,9,719,0
6300,40,13.7,40000,0.908,38,75,80.34,10,350,1
5190,34,12.7,NA,0.88,37,59,84.88,6,322,1
5400,55,14,43400,0.799,56,65,74.36,NA,215,1
5180,20,11,NA,0.609,NA,55,84.42,6,114,1
8840,49,11.4,NA,0.797,95,67,75.19,21,386,1
4752,27,18.4,44700,0.738,26,48,57.27,12,1043,0
8840,54,20.8,44900,0.874,56,58,95.21,23,204,1
6612,29,11.9,NA,0.909,39,39,79.83,8,275,1
4950,35,16.4,NA,0.87,NA,46,70.88,NA,259,1
6930,50,11,NA,0.711,32,57,64.85,11,187,1
5130,NA,21.6,50500,0.704,36,95,66.25,7,751,0
4104,51,22.6,55500,0.62,35,86,73.23,6,2049,0
8530,46,14.9,43700,0.579,37,56,56.06,25,295,1
3486,46,22.9,46700,1,16,92,70.81,NA,1800,0
9950,95,8.6,81600,0.191,91,91,NA,39,633,1
5130,41,27.2,52900,0.733,43,76,79.86,NA,1577,0
8955,51,11.8,34300,0.707,52,51,84.03,23,131,1
12772,69,13.5,68700,0.803,72,74,92.67,17,1166,1
4860,48,21.2,49200,0.623,39,70,76.35,13,2421,0
7536,27,13,NA,0.991,36,44,68.89,12,172,1
11850,77,11.3,59000,0.733,67,83,96.48,35,352,1
9428,45,15.7,44800,0.796,46,76,64.92,16,375,1
8678,60,16.2,58500,0.821,72,82,83.72,7,414,1
4860,32,21.4,48100,0.76,50,85,88.43,3,2272,0
3888,20,18.8,46200,NA,28,68,78.84,NA,305,0
4290,22,19.4,48100,0.929,35,55,91.06,1,1061,0
4860,28,21.9,46200,0.916,41,60,87.03,NA,923,0
8490,64,14.8,63200,0.752,64,81,88.47,23,1195,1
3750,18,12.1,NA,0.838,25,48,98.37,NA,206,1
3605,26,18.4,NA,0.744,26,37,92.63,NA,189,1
7850,57,13.8,44900,0.851,50,54,67.6,24,215,1
7860,85,18.2,53500,0.747,10,65,64.29,21,2604,0
4860,58,24.7,59500,0.797,41,82,85.79,24,2957,0
6400,44,14.5,54400,0.846,43,80,75.44,10,279,1
2279,NA,14.3,50100,0.786,35,67,65.91,6,474,0
12240,93,9.6,68600,0.75,93,94,95.69,20,601,1
10760,74,13.4,48900,0.863,63,85,93.55,26,246,1
4104,65,14.6,65100,0.64,32,NA,62.12,13,2150,0
8550,77,12.6,NA,0.749,62,75,70.92,17,185,1
4422,43,21,57700,0.78,29,73,56.55,4,1448,0
5130,85,19.7,71300,0.649,65,91,85.26,11,5329,0
4104,38,23.1,53500,0.834,NA,88,66.47,NA,2252,0
5100,NA,13.6,38700,0.854,91,50,31.33,5,196,1
4104,35,21.9,43500,0.772,34,70,75.96,10,1023,0
2340,82,20.5,71100,0.733,33,76,95.62,40,4615,1
6857,53,12.8,65200,0.881,37,89,62.39,9,2400,0
5775,53,18.7,56700,0.893,NA,83,71.46,10,2426,0
4362,NA,20.5,45900,0.973,59,62,84.46,7,856,0
5148,46,23.9,51800,0.953,38,66,60.25,0,1750,0
8820,60,10.5,44800,0.785,50,68,56.85,34,213,1
21700,53,10.1,44900,0.63,55,35,99.56,33,114,1
7656,22,14.7,48000,0.748,79,89,84.03,8,363,0
8300,21,9.5,NA,0.837,76,53,53.74,19,55,1
13936,NA,14.5,NA,0.906,100,56,NA,8,49,1
11750,20,14,43000,0.805,76,77,92.84,24,198,1
7656,13,14.4,46900,0.803,36,80,78.01,15,279,0
7320,20,12.6,50000,0.938,51,48,86.47,15,223,0
18375,NA,7.5,NA,0.698,61,56,95.94,41,63,1
25750,89,10.5,65100,0.339,97,87,98.1,51,451,1
14134,29,13.1,48400,0.932,63,71,82.98,22,626,1
8940,27,13.4,NA,0.392,57,28,59.97,NA,108,1
13030,64,14.5,54000,0.723,84,79,94.18,34,463,1
11010,41,10.4,39200,0.833,78,58,47.22,26,91,1
15516,51,9.9,59200,0.784,79,87,81.46,10,1735,0
9925,40,22.4,40000,0.887,48,59,59.09,11,172,1
7150,30,17.8,NA,0.95,53,61,83.5,3,181,1
10265,53,13.2,47900,0.803,82,68,94.12,24,292,1
11720,88,12.1,65000,0.436,93,89,97.48,31,1217,0
7860,37,21.2,51500,0.867,48,80,62.46,16,428,0
9650,48,11.4,40200,0.905,82,46,93.87,29,227,1
8578,60,13.9,43800,0.844,82,79,96.2,51,226,1
9400,36,12.5,43100,0.827,22,53,92.76,9,336,1
13218,40,13.3,50200,0.788,69,95,99.89,53,307,1
7161,63,14,41500,0.523,70,60,86.2,9,1433,1
13470,58,11.1,48400,0.827,72,78,91.48,48,215,1
7920,47,18.4,49700,0.681,62,74,96.06,23,724,0
12450,21,12.4,48600,0.854,70,62,84.48,24,366,1
7994,72,17.9,55300,0.471,98,77,92.86,29,2082,0
11200,52,6.8,44300,0.884,90,66,69.17,50,199,1
11390,30,10.6,52800,0.82,55,77,61.64,17,214,1
9464,39,15.1,55700,0.681,45,79,76.94,17,1251,0
6684,37,19.6,50500,0.858,62,73,94.48,9,1742,0
13840,46,10.7,48800,0.748,74,77,97.54,38,306,1
13970,66,9.2,51200,0.885,68,88,92.1,24,169,1
10217,45,8.7,60900,0.705,45,81,66.95,11,1567,0
13425,54,13,52200,0.804,72,85,85.93,26,437,1
10700,NA,9.2,46900,0.758,59,60,77.85,20,218,1
5000,17,14,35700,0.892,45,45,94.78,8,243,1
14500,68,6.5,57200,0.87,61,91,92.78,48,146,1
14500,72,11.7,70000,0.461,100,75,82.77,32,756,1
6490,78,17.6,51300,0.501,84,75,80.28,30,756,0
7168,30,18.1,44000,0.814,46,67,72.72,9,250,0
10800,29,19.3,69600,0.765,46,93,71.37,7,1727,0
8170,42,12.3,36300,0.861,48,32,89.03,NA,138,1
9020,34,11.1,59000,0.756,68,84,NA,51,349,0
10260,53,13.8,64100,0.746,73,85,96.84,20,4277,0
5587,30,16,48900,0.814,31,61,89.89,11,704,0
6276,NA,15.8,51600,0.957,NA,57,87.23,NA,1358,0
7384,59,13.7,32400,0.872,30,51,95.09,8,453,1
10900,49,15.7,53800,0.612,68,70,73.04,14,287,1
13750,93,9.6,72800,0.331,90,81,99.81,45,425,1
7242,65,18.1,50100,0.722,51,67,87.87,0,1007,0
7974,NA,17,53700,0.855,47,69,92.15,4,767,0
5820,NA,9.5,39500,0.639,100,48,55.75,13,21,1
13000,67,14.7,51800,0.808,69,78,89.5,32,526,1
13312,68,11,52700,0.868,83,78,89.52,23,504,1
12669,82,16.8,48500,0.859,66,83,73.19,20,411,1
12825,72,12.2,55100,0.728,89,85,89.61,16,494,1
11550,25,14.5,38600,0.864,40,43,46.25,8,63,1
16230,83,15,65500,0.699,63,79,95.2,17,688,1
8199,81,9,68700,0.551,65,96,81.63,10,3343,0
10671,NA,11.5,37900,0.719,NA,48,90.97,32,308,1
8200,70,16.9,58400,0.893,56,84,91.49,30,2440,0
8124,71,22.7,57300,0.642,61,83,94.63,10,1549,0
16670,77,10.5,60200,0.536,72,80,96.37,51,359,1
12660,70,16.9,42000,0.826,80,80,88.81,20,372,1
10468,44,11.5,38600,0.856,52,40,91.11,15,172,1
15700,44,13,43300,0.776,59,80,98.61,24,210,1
4498,57,16.3,38400,0.795,42,24,55.99,NA,518,0
4426,NA,19.2,42000,0.981,49,55,72.4,22,383,1
9400,26,12.8,38600,0.797,94,64,80.13,26,183,1
4238,25,19.6,44500,0.724,50,37,68.65,NA,1800,0
4080,22,17.3,37100,1,65,25,70.45,NA,553,0
5094,60,16.6,47700,0.867,50,77,76.71,10,2007,1
9500,43,2.5,42300,0.784,57,26,55.79,10,204,1
10575,52,13,36900,0.785,98,46,93.96,9,120,1
4694,65,16.5,41800,0.831,46,57,68.78,NA,557,1
4470,25,16.3,41700,0.912,60,33,90.4,10,478,0
4616,NA,19.2,NA,NA,NA,38,59.23,4,957,0
6370,49,13.4,52900,0.81,57,83,93.24,NA,2881,0
14200,55,16.4,49500,0.894,67,58,89.87,42,483,1
10500,49,14.1,38100,0.836,72,66,76.1,27,213,1
8352,46,11.1,36800,0.634,55,36,51.61,26,157,1
16304,54,11.1,56500,0.699,69,87,93.05,26,284,1
12200,55,17.8,NA,0.854,79,74,64.8,25,352,1
13125,43,15.9,47500,0.883,62,74,70.78,22,434,1
9300,NA,20.5,44300,0.817,57,49,52.09,4,323,1
9400,47,17.2,39300,0.909,57,49,31.19,25,231,1
17163,77,10.1,56100,0.762,77,76,93.85,57,324,1
9400,41,8.4,41400,0.813,59,37,63.98,21,337,1
11610,71,13.5,66200,0.893,77,86,89.72,25,1685,1
11505,69,16.7,55100,0.894,67,35,66.73,23,496,1
8950,32,10.7,37100,0.923,78,51,65.66,26,121,1
9570,30,15.9,39700,0.884,52,58,92.25,NA,200,1
15200,52,9.4,51500,0.853,64,87,96.33,49,211,1
12140,56,15.1,54100,0.932,88,74,95.35,36,568,1
9096,80,11.5,72100,0.734,72,93,91.59,20,4631,0
8786,37,15.9,63200,0.721,38,79,60.83,8,1930,0
6900,50,22.2,54300,0.805,46,81,73.93,1,759,0
9140,43,10.7,42300,0.801,73,51,72.38,31,271,1
6704,32,21,53600,0.758,65,78,91.25,17,1030,0
6996,52,19.3,55500,0.789,61,80,87.08,28,1957,0
7157,50,21.3,55600,0.806,54,NA,91.18,7,1704,0
6400,NA,20.6,56500,0.732,59,66,90.93,25,917,0
7092,49,18.1,54500,NA,46,69,90.08,15,NA,0
7142,46,19.2,56500,0.737,67,NA,87.82,NA,1375,0
7032,53,15.2,56100,1,36,75,77.47,15,342,0
6950,38,23.1,55900,0.845,67,90,83.41,16,1472,0
5988,46,15.1,54900,0.747,45,91,83.51,13,1073,0
14500,NA,14.4,68400,0.768,30,NA,80.96,NA,41,1
6618,60,22.2,54500,0.424,46,80,63.29,9,1918,0
6172,57,23.4,50700,0.805,53,83,60.25,12,472,0
8949,55,12.2,71900,0.579,45,88,43.04,37,3524,0
7950,37,15.5,NA,0.531,45,51,94.06,NA,632,1
9690,64,13.3,45800,0.662,74,60,63.91,21,290,1
8842,41,14.2,41900,0.889,52,57,44.25,14,185,1
9950,23,11,41500,0.735,NA,42,39.21,NA,69,1
8090,39,15,55800,0.751,NA,93,62.09,NA,318,0
20655,56,11.4,NA,0.744,62,79,NA,24,309,1
5960,NA,38.2,49600,1,NA,11,67.64,NA,1171,1
12292,30,22.2,NA,0.868,72,61,46.18,10,153,1
7411,79,18.6,82000,0.52,57,90,66.54,12,232,0
5050,20,18.9,NA,1,26,75,57.24,NA,706,0
5050,54,18.2,NA,0.534,47,83,65.58,7,1300,0
10258,NA,21.6,69000,0.4,61,75,83.95,NA,707,1
9190,NA,18.6,63900,0.782,53,74,70.21,NA,778,1
12520,20,16.4,60500,0.849,61,44,58.64,8,679,1
9244,74,18.1,57600,0.469,24,89,58.24,6,261,0
11230,20,6.8,44200,0.659,47,8,61.91,4,203,1
6550,33,14.9,57000,0.597,46,80,63.23,8,390,0
9550,NA,11.4,34000,0.897,44,45,94.82,NA,185,1
9315,52,13.1,67600,0.853,56,NA,83.79,17,5330,0
5739,38,15.9,45000,0.625,38,70,67.6,13,381,0
7410,79,19.5,83800,0.547,77,90,85.22,19,4520,0
10645,93,18.1,65200,0.536,63,77,93.46,19,3450,0
6450,66,18.5,60700,0.88,72,71,95.35,38,2367,1
12212,95,9.5,75700,0.34,95,90,99,22,2678,0
5050,32,15.3,NA,0.73,30,80,56.42,1,768,0
6840,36,15.4,37200,1,49,33,86.89,20,225,1
7400,36,19.8,NA,0.951,58,57,92.22,7,334,1
8856,39,17.6,61900,0.843,85,81,94.4,20,3290,0
5750,18,25.3,59900,0.978,22,67,71.34,NA,370,0
6300,NA,23.3,NA,0.771,NA,59,65.2,13,1169,1
5780,23,17.9,34400,NA,32,52,34.67,NA,110,1
5120,52,18.1,NA,0.505,69,52,96.83,9,338,1
5340,NA,12.5,NA,1,56,46,37,NA,635,1
8725,66,13.4,63700,0.683,24,82,67.06,NA,415,0
6297,50,18.1,54100,0.611,68,75,89.41,14,438,0
5715,NA,18.1,48300,0.881,42,74,64.32,NA,645,0
9450,25,91.8,NA,0.913,35,33,24.16,NA,285,1
11010,24,16.7,59700,0.513,60,77,52.99,8,504,1
15476,44,11.3,41800,0.927,48,69,96.87,35,252,1
6200,NA,14.4,NA,0.7,42,53,86.49,11,134,1
7900,NA,19,41200,0.857,38,NA,81.09,NA,349,1
11050,NA,12.1,50300,0.815,68,60,94.07,13,310,1
6050,37,11.9,32400,0.863,NA,38,56.34,15,169,1
15732,92,11.5,76000,0.676,87,90,94.27,26,4893,0
7500,25,7.5,NA,0.8,29,45,85.71,NA,100,1
5840,38,19.1,48000,0.919,43,76,88.09,8,819,0
7844,NA,19.2,66500,0.911,63,61,88.86,19,1188,0
5834,47,17,46700,0.774,42,79,86.72,24,1610,0
4720,NA,17.7,47800,0.858,52,66,64.99,20,1682,0
4449,29,17.8,70600,0.458,47,74,58.62,8,362,0
3040,65,19.5,60300,0.393,64,78,85.09,7,710,0
6720,NA,8.6,32300,0.793,NA,56,93.9,2,310,1
6550,100,13.6,76700,0.642,56,90,81.72,15,3087,0
6892,31,16.6,54500,0.841,40,72,81.52,8,3147,0
6874,48,19.2,56700,0.604,56,73,84.06,14,1515,0
6597,89,13.9,56200,0.629,66,81,52.3,20,1071,0
3950,45,15.9,43400,0.994,33,50,90.67,NA,1711,0
16900,NA,8.2,NA,0.57,84,76,99.02,21,132,1
4536,79,20.8,69200,0.716,NA,91,41.91,NA,410,0
3150,50,17.6,37800,1,NA,66,52.25,33,112,1
8160,39,14.6,57800,0.828,NA,NA,54.94,17,905,0
6634,85,17.8,54700,0.696,47,82,51.93,14,560,0
5130,46,15.5,49100,0.776,NA,84,54.43,7,59,0
